September 15, 2020
September 27, 2020
October 2, 2020
October 5, 2020
October 15, 2020
November 7, 2020
December 14, 2020
December 24, 2020
February 3, 2021
February 9, 2021
February 15, 2021
February 22, 2021
April 6, 2021
April 21, 2021
April 29, 2021
May 17, 2021
August 14, 2021
August 24, 2021
September 6, 2021
December 5, 2021
January 14, 2022
February 21, 2022
March 22, 2022
April 7, 2022
April 8, 2022
June 3, 2022
July 4, 2022
July 16, 2022
July 26, 2022
September 7, 2022
October 2, 2022
October 25, 2022
December 3, 2022
January 10, 2023
January 17, 2023
January 18, 2023
February 26, 2023
May 14, 2023
August 27, 2023
September 7, 2023
September 14, 2023
November 18, 2023
December 6, 2023
December 23, 2023
December 24, 2023
March 7, 2024
April 24, 2024
June 8, 2024
August 1, 2024
November 6, 2024
December 21, 2024
December 24, 2024
March 22, 2025
April 25, 2025
June 25, 2025
June 26, 2025
July 20, 2025
July 24, 2025
September 3, 2025
October 1, 2025
November 14, 2025
November 14, 2025
February 12, 2026
March 8, 2026
May 31, 2026
July 3, 2026
July 9, 2026
July 24, 2026
August 18, 2026
September 26, 2026
October 2, 2026
October 8, 2026
October 21, 2026
November 11, 2026
December 16, 2026
January 12, 2027
March 20, 2027
March 24, 2027
April 15, 2027
April 22, 2027
April 22, 2027
May 2, 2027
July 27, 2027
August 22, 2027
September 3, 2027
September 17, 2027
September 17, 2027
September 23, 2027
October 6, 2027
October 30, 2027
November 8, 2027
November 16, 2027
November 29, 2027
December 28, 2027
December 31, 2027
January 8, 2028
January 16, 2028
January 22, 2028
January 22, 2028
January 27, 2028
February 26, 2028
March 11, 2028
April 17, 2028
April 19, 2028
May 7, 2028
May 12, 2028
May 26, 2028
June 14, 2028
June 22, 2028
July 10, 2028
July 13, 2028
July 24, 2028
August 25, 2028
September 2, 2028
September 4, 2028
September 4, 2028
September 6, 2028
October 4, 2028
October 18, 2028
October 31, 2028
November 15, 2028
November 24, 2028
November 25, 2028
November 25, 2028
December 1, 2028
December 3, 2028
December 10, 2028
December 11, 2028
December 20, 2028
December 23, 2028
December 31, 2028
January 5, 2029
January 18, 2029
January 25, 2029
January 31, 2029
January 31, 2029
March 17, 2029
March 30, 2029
April 21, 2029
May 9, 2029
May 18, 2029
May 22, 2029
June 10, 2029
June 14, 2029
June 17, 2029
June 24, 2029
June 29, 2029
June 29, 2029
August 11, 2029
August 24, 2029
August 24, 2029
September 2, 2029
September 3, 2029
September 6, 2029
September 14, 2029
September 14, 2029
September 17, 2029
September 17, 2029
September 17, 2029
October 26, 2029
October 29, 2029
October 31, 2029
November 4, 2029
November 6, 2029
November 15, 2029
November 20, 2029
November 30, 2029
December 2, 2029
December 19, 2029
December 30, 2029
